Workbook

Sheet Precios
A1: Plataforma | B1: Precio individual (costo) | C1: Precio venta (se muestra al público) | D1: Precio final final (se muestra al público)
A2: Netflix único | B2: 23000 | C2: =B2*1.5 -> 34500 | D2: 29k
A3: Netflix original | B3: 13000 | C3: =B3*1.5 -> 19500 | D3: 17k
A4: Disney premium | B4: 12000 | C4: =B4*1.5 -> 18000 | D4: 16k
A5: Max | B5: 4000 | C5: =B5*1.5 -> 6000 | D5: 10k
A6: Prime video | B6: 5000 | C6: =B6*1.5 -> 7500 | D6: 11k
A7: Paramount | B7: 10000 | C7: =B7*1.5 -> 15000 | D7: 15k
A8: Crunchyroll | B8: 4000 | C8: =B8*1.5 -> 6000 | D8: 10k
A9: Plex | B9: 4000 | C9: =B9*1.5 -> 6000 | D9: 10k
A10: Vix | B10: 6000 | C10: =B10*1.5 -> 9000 | D10: 11k
A11: Canva 1 mes con correo del cliente | B11: 12000 | C11: =B11*1.5 -> 18000 | D11: 18k
A12: Canva 1 mes | B12: 10000 | C12: =B12*1.5 -> 15000 | D12: 15k
A13: Canva 6 meses | B13: 34000 | C13: =B13*1.5 -> 51000 | D13: 50k
... A20: Youtube 1 mes | B20: 10000 | C20: =B20*1.5 -> 15000 | D20: 15k

Sheet Combos
A1: Combo # | B1: Plataforma 1 | C1: Plataforma 2 | D1: Plataforma 3 | E1: Plataforma 4 | F1: Plataforma 5 | G1: Precio combo | H1: Precio venta (no se muestra al público) | I1: Precio final final (Se muestra al público)
A2: 1 | B2: Netflix original | C2: Disney premium | G2: {=SUM(IF(B2="",0,IFERROR(INDEX(Precios!$B$2:$B$20,MATCH(B2,Precios!$A$2:$A$20,0)),0)),IF(C2="",0,IFERROR(INDEX(Precios!$B$2:$B$20,MATCH(C2,Precios!$A$2:$A$20,0)),0)),IF(D2="",0,IFERROR(INDEX(Precios!$B$2:$B$20,MATCH(D2,Precios!$A$2:$A$20,0)),0)),IF(E2="",0,IFERROR(INDEX(Precios!$B$2:$B$20,MATCH(E2,Precios!$A$2:$A$20,0)),0)),IF(F2="",0,IFERROR(INDEX(Precios!$B$2:$B$20,MATCH(F2,Precios!$A$2:$A$20,0)),0)))} -> 25000 | H2: =G2*1.5*0.85 -> 31875 | I2: 32k
A3: 2 | B3: Netflix original | C3: Prime video | G3: {=SUM(IF(B3="",0,IFERROR(INDEX(Precios!$B$2:$B$20,MATCH(B3,Precios!$A$2:$A$20,0)),0)),IF(C3="",0,IFERROR(INDEX(Precios!$B$2:$B$20,MATCH(C3,Precios!$A$2:$A$20,0)),0)),IF(D3="",0,IFERROR(INDEX(Precios!$B$2:$B$20,MATCH(D3,Precios!$A$2:$A$20,0)),0)),IF(E3="",0,IFERROR(INDEX(Precios!$B$2:$B$20,MATCH(E3,Precios!$A$2:$A$20,0)),0)),IF(F3="",0,IFERROR(INDEX(Precios!$B$2:$B$20,MATCH(F3,Precios!$A$2:$A$20,0)),0)))} -> 18000 | H3: =G3*1.5*0.85 -> 22950 | I3: 23k
A4: 3 | B4: Netflix original | C4: Max | G4: {=SUM(IF(B4="",0,IFERROR(INDEX(Precios!$B$2:$B$20,MATCH(B4,Precios!$A$2:$A$20,0)),0)),IF(C4="",0,IFERROR(INDEX(Precios!$B$2:$B$20,MATCH(C4,Precios!$A$2:$A$20,0)),0)),IF(D4="",0,IFERROR(INDEX(Precios!$B$2:$B$20,MATCH(D4,Precios!$A$2:$A$20,0)),0)),IF(E4="",0,IFERROR(INDEX(Precios!$B$2:$B$20,MATCH(E4,Precios!$A$2:$A$20,0)),0)),IF(F4="",0,IFERROR(INDEX(Precios!$B$2:$B$20,MATCH(F4,Precios!$A$2:$A$20,0)),0)))} -> 17000 | H4: =G4*1.5*0.85 -> 21675 | I4: 22k
A5: 4 | B5: Netflix original | C5: Crunchyroll | G5: {=SUM(IF(B5="",0,IFERROR(INDEX(Precios!$B$2:$B$20,MATCH(B5,Precios!$A$2:$A$20,0)),0)),IF(C5="",0,IFERROR(INDEX(Precios!$B$2:$B$20,MATCH(C5,Precios!$A$2:$A$20,0)),0)),IF(D5="",0,IFERROR(INDEX(Precios!$B$2:$B$20,MATCH(D5,Precios!$A$2:$A$20,0)),0)),IF(E5="",0,IFERROR(INDEX(Precios!$B$2:$B$20,MATCH(E5,Precios!$A$2:$A$20,0)),0)),IF(F5="",0,IFERROR(INDEX(Precios!$B$2:$B$20,MATCH(F5,Precios!$A$2:$A$20,0)),0)))} -> 17000 | H5: =G5*1.5*0.85 -> 21675 | I5: 22k
A6: 5 | B6: Netflix original | C6: Paramount | G6: {=SUM(IF(B6="",0,IFERROR(INDEX(Precios!$B$2:$B$20,MATCH(B6,Precios!$A$2:$A$20,0)),0)),IF(C6="",0,IFERROR(INDEX(Precios!$B$2:$B$20,MATCH(C6,Precios!$A$2:$A$20,0)),0)),IF(D6="",0,IFERROR(INDEX(Precios!$B$2:$B$20,MATCH(D6,Precios!$A$2:$A$20,0)),0)),IF(E6="",0,IFERROR(INDEX(Precios!$B$2:$B$20,MATCH(E6,Precios!$A$2:$A$20,0)),0)),IF(F6="",0,IFERROR(INDEX(Precios!$B$2:$B$20,MATCH(F6,Precios!$A$2:$A$20,0)),0)))} -> 23000 | H6: =G6*1.5*0.85 -> 29325 | I6: 29k
A7: 6 | B7: Disney premium | C7: Prime video | G7: {=SUM(IF(B7="",0,IFERROR(INDEX(Precios!$B$2:$B$20,MATCH(B7,Precios!$A$2:$A$20,0)),0)),IF(C7="",0,IFERROR(INDEX(Precios!$B$2:$B$20,MATCH(C7,Precios!$A$2:$A$20,0)),0)),IF(D7="",0,IFERROR(INDEX(Precios!$B$2:$B$20,MATCH(D7,Precios!$A$2:$A$20,0)),0)),IF(E7="",0,IFERROR(INDEX(Precios!$B$2:$B$20,MATCH(E7,Precios!$A$2:$A$20,0)),0)),IF(F7="",0,IFERROR(INDEX(Precios!$B$2:$B$20,MATCH(F7,Precios!$A$2:$A$20,0)),0)))} -> 17000 | H7: =G7*1.5*0.85 -> 21675 | I7: 22k
A8: 7 | B8: Disney premium | C8: Max | G8: {=SUM(IF(B8="",0,IFERROR(INDEX(Precios!$B$2:$B$20,MATCH(B8,Precios!$A$2:$A$20,0)),0)),IF(C8="",0,IFERROR(INDEX(Precios!$B$2:$B$20,MATCH(C8,Precios!$A$2:$A$20,0)),0)),IF(D8="",0,IFERROR(INDEX(Precios!$B$2:$B$20,MATCH(D8,Precios!$A$2:$A$20,0)),0)),IF(E8="",0,IFERROR(INDEX(Precios!$B$2:$B$20,MATCH(E8,Precios!$A$2:$A$20,0)),0)),IF(F8="",0,IFERROR(INDEX(Precios!$B$2:$B$20,MATCH(F8,Precios!$A$2:$A$20,0)),0)))} -> 16000 | H8: =G8*1.5*0.85 -> 20400 | I8: 21k
A9: 8 | B9: Disney premium | C9: Paramount | G9: {=SUM(IF(B9="",0,IFERROR(INDEX(Precios!$B$2:$B$20,MATCH(B9,Precios!$A$2:$A$20,0)),0)),IF(C9="",0,IFERROR(INDEX(Precios!$B$2:$B$20,MATCH(C9,Precios!$A$2:$A$20,0)),0)),IF(D9="",0,IFERROR(INDEX(Precios!$B$2:$B$20,MATCH(D9,Precios!$A$2:$A$20,0)),0)),IF(E9="",0,IFERROR(INDEX(Precios!$B$2:$B$20,MATCH(E9,Precios!$A$2:$A$20,0)),0)),IF(F9="",0,IFERROR(INDEX(Precios!$B$2:$B$20,MATCH(F9,Precios!$A$2:$A$20,0)),0)))} -> 22000 | H9: =G9*1.5*0.85 -> 28050 | I9: 38k
A10: 9 | B10: Prime video | C10: Max | G10: {=SUM(IF(B10="",0,IFERROR(INDEX(Precios!$B$2:$B$20,MATCH(B10,Precios!$A$2:$A$20,0)),0)),IF(C10="",0,IFERROR(INDEX(Precios!$B$2:$B$20,MATCH(C10,Precios!$A$2:$A$20,0)),0)),IF(D10="",0,IFERROR(INDEX(Precios!$B$2:$B$20,MATCH(D10,Precios!$A$2:$A$20,0)),0)),IF(E10="",0,IFERROR(INDEX(Precios!$B$2:$B$20,MATCH(E10,Precios!$A$2:$A$20,0)),0)),IF(F10="",0,IFERROR(INDEX(Precios!$B$2:$B$20,MATCH(F10,Precios!$A$2:$A$20,0)),0)))} -> 9000 | H10: =G10*1.5*0.85 -> 11475 | I10: 12k
A11: 10 | B11: Prime video | C11: Paramount | G11: {=SUM(IF(B11="",0,IFERROR(INDEX(Precios!$B$2:$B$20,MATCH(B11,Precios!$A$2:$A$20,0)),0)),IF(C11="",0,IFERROR(INDEX(Precios!$B$2:$B$20,MATCH(C11,Precios!$A$2:$A$20,0)),0)),IF(D11="",0,IFERROR(INDEX(Precios!$B$2:$B$20,MATCH(D11,Precios!$A$2:$A$20,0)),0)),IF(E11="",0,IFERROR(INDEX(Precios!$B$2:$B$20,MATCH(E11,Precios!$A$2:$A$20,0)),0)),IF(F11="",0,IFERROR(INDEX(Precios!$B$2:$B$20,MATCH(F11,Precios!$A$2:$A$20,0)),0)))} -> 15000 | H11: =G11*1.5*0.85 -> 19125 | I11: 20k
A12: 11 | B12: Max | C12: Crunchyroll | G12: {=SUM(IF(B12="",0,IFERROR(INDEX(Precios!$B$2:$B$20,MATCH(B12,Precios!$A$2:$A$20,0)),0)),IF(C12="",0,IFERROR(INDEX(Precios!$B$2:$B$20,MATCH(C12,Precios!$A$2:$A$20,0)),0)),IF(D12="",0,IFERROR(INDEX(Precios!$B$2:$B$20,MATCH(D12,Precios!$A$2:$A$20,0)),0)),IF(E12="",0,IFERROR(INDEX(Precios!$B$2:$B$20,MATCH(E12,Precios!$A$2:$A$20,0)),0)),IF(F12="",0,IFERROR(INDEX(Precios!$B$2:$B$20,MATCH(F12,Precios!$A$2:$A$20,0)),0)))} -> 8000 | H12: =G12*1.5*0.85 -> 10200 | I12: 11k
A13: 12 | B13: Netflix original | C13: Disney premium | D13: Prime video | G13: {=SUM(IF(B13="",0,IFERROR(INDEX(Precios!$B$2:$B$20,MATCH(B13,Precios!$A$2:$A$20,0)),0)),IF(C13="",0,IFERROR(INDEX(Precios!$B$2:$B$20,MATCH(C13,Precios!$A$2:$A$20,0)),0)),IF(D13="",0,IFERROR(INDEX(Precios!$B$2:$B$20,MATCH(D13,Precios!$A$2:$A$20,0)),0)),IF(E13="",0,IFERROR(INDEX(Precios!$B$2:$B$20,MATCH(E13,Precios!$A$2:$A$20,0)),0)),IF(F13="",0,IFERROR(INDEX(Precios!$B$2:$B$20,MATCH(F13,Precios!$A$2:$A$20,0)),0)))} -> 30000 | H13: =G13*1.5*0.85 -> 38250 | I13: 39k
A14: 13 | B14: Netflix original | C14: Disney premium | D14: Max | G14: {=SUM(IF(B14="",0,IFERROR(INDEX(Precios!$B$2:$B$20,MATCH(B14,Precios!$A$2:$A$20,0)),0)),IF(C14="",0,IFERROR(INDEX(Precios!$B$2:$B$20,MATCH(C14,Precios!$A$2:$A$20,0)),0)),IF(D14="",0,IFERROR(INDEX(Precios!$B$2:$B$20,MATCH(D14,Precios!$A$2:$A$20,0)),0)),IF(E14="",0,IFERROR(INDEX(Precios!$B$2:$B$20,MATCH(E14,Precios!$A$2:$A$20,0)),0)),IF(F14="",0,IFERROR(INDEX(Precios!$B$2:$B$20,MATCH(F14,Precios!$A$2:$A$20,0)),0)))} -> 29000 | H14: =G14*1.5*0.85 -> 36975 | I14: 37k
A15: 14 | B15: Netflix original | C15: Disney premium | D15: Crunchyroll | G15: {=SUM(IF(B15="",0,IFERROR(INDEX(Precios!$B$2:$B$20,MATCH(B15,Precios!$A$2:$A$20,0)),0)),IF(C15="",0,IFERROR(INDEX(Precios!$B$2:$B$20,MATCH(C15,Precios!$A$2:$A$20,0)),0)),IF(D15="",0,IFERROR(INDEX(Precios!$B$2:$B$20,MATCH(D15,Precios!$A$2:$A$20,0)),0)),IF(E15="",0,IFERROR(INDEX(Precios!$B$2:$B$20,MATCH(E15,Precios!$A$2:$A$20,0)),0)),IF(F15="",0,IFERROR(INDEX(Precios!$B$2:$B$20,MATCH(F15,Precios!$A$2:$A$20,0)),0)))} -> 29000 | H15: =G15*1.5*0.85 -> 36975 | I15: 37k
A16: 15 | B16: Netflix original | C16: Prime video | D16: Max | G16: {=SUM(IF(B16="",0,IFERROR(INDEX(Precios!$B$2:$B$20,MATCH(B16,Precios!$A$2:$A$20,0)),0)),IF(C16="",0,IFERROR(INDEX(Precios!$B$2:$B$20,MATCH(C16,Precios!$A$2:$A$20,0)),0)),IF(D16="",0,IFERROR(INDEX(Precios!$B$2:$B$20,MATCH(D16,Precios!$A$2:$A$20,0)),0)),IF(E16="",0,IFERROR(INDEX(Precios!$B$2:$B$20,MATCH(E16,Precios!$A$2:$A$20,0)),0)),IF(F16="",0,IFERROR(INDEX(Precios!$B$2:$B$20,MATCH(F16,Precios!$A$2:$A$20,0)),0)))} -> 22000 | H16: =G16*1.5*0.85 -> 28050 | I16: 28k
A17: 16 | B17: Netflix original | C17: Prime video | D17: Crunchyroll | G17: {=SUM(IF(B17="",0,IFERROR(INDEX(Precios!$B$2:$B$20,MATCH(B17,Precios!$A$2:$A$20,0)),0)),IF(C17="",0,IFERROR(INDEX(Precios!$B$2:$B$20,MATCH(C17,Precios!$A$2:$A$20,0)),0)),IF(D17="",0,IFERROR(INDEX(Precios!$B$2:$B$20,MATCH(D17,Precios!$A$2:$A$20,0)),0)),IF(E17="",0,IFERROR(INDEX(Precios!$B$2:$B$20,MATCH(E17,Precios!$A$2:$A$20,0)),0)),IF(F17="",0,IFERROR(INDEX(Precios!$B$2:$B$20,MATCH(F17,Precios!$A$2:$A$20,0)),0)))} -> 22000 | H17: =G17*1.5*0.85 -> 28050 | I17: 28k
A18: 17 | B18: Netflix original | C18: Prime video | D18: Paramount | G18: {=SUM(IF(B18="",0,IFERROR(INDEX(Precios!$B$2:$B$20,MATCH(B18,Precios!$A$2:$A$20,0)),0)),IF(C18="",0,IFERROR(INDEX(Precios!$B$2:$B$20,MATCH(C18,Precios!$A$2:$A$20,0)),0)),IF(D18="",0,IFERROR(INDEX(Precios!$B$2:$B$20,MATCH(D18,Precios!$A$2:$A$20,0)),0)),IF(E18="",0,IFERROR(INDEX(Precios!$B$2:$B$20,MATCH(E18,Precios!$A$2:$A$20,0)),0)),IF(F18="",0,IFERROR(INDEX(Precios!$B$2:$B$20,MATCH(F18,Precios!$A$2:$A$20,0)),0)))} -> 28000 | H18: =G18*1.5*0.85 -> 35700 | I18: 35k
A19: 18 | B19: Disney premium | C19: Prime video | D19: Max | G19: {=SUM(IF(B19="",0,IFERROR(INDEX(Precios!$B$2:$B$20,MATCH(B19,Precios!$A$2:$A$20,0)),0)),IF(C19="",0,IFERROR(INDEX(Precios!$B$2:$B$20,MATCH(C19,Precios!$A$2:$A$20,0)),0)),IF(D19="",0,IFERROR(INDEX(Precios!$B$2:$B$20,MATCH(D19,Precios!$A$2:$A$20,0)),0)),IF(E19="",0,IFERROR(INDEX(Precios!$B$2:$B$20,MATCH(E19,Precios!$A$2:$A$20,0)),0)),IF(F19="",0,IFERROR(INDEX(Precios!$B$2:$B$20,MATCH(F19,Precios!$A$2:$A$20,0)),0)))} -> 21000 | H19: =G19*1.5*0.85 -> 26775 | I19: 27k
A20: 19 | B20: Disney premium | C20: Prime video | D20: Crunchyroll | G20: {=SUM(IF(B20="",0,IFERROR(INDEX(Precios!$B$2:$B$20,MATCH(B20,Precios!$A$2:$A$20,0)),0)),IF(C20="",0,IFERROR(INDEX(Precios!$B$2:$B$20,MATCH(C20,Precios!$A$2:$A$20,0)),0)),IF(D20="",0,IFERROR(INDEX(Precios!$B$2:$B$20,MATCH(D20,Precios!$A$2:$A$20,0)),0)),IF(E20="",0,IFERROR(INDEX(Precios!$B$2:$B$20,MATCH(E20,Precios!$A$2:$A$20,0)),0)),IF(F20="",0,IFERROR(INDEX(Precios!$B$2:$B$20,MATCH(F20,Precios!$A$2:$A$20,0)),0)))} -> 21000 | H20: =G20*1.5*0.85 -> 26775 | I20: 27k
A21: 20 | B21: Disney premium | C21: Max | D21: Vix | G21: {=SUM(IF(B21="",0,IFERROR(INDEX(Precios!$B$2:$B$20,MATCH(B21,Precios!$A$2:$A$20,0)),0)),IF(C21="",0,IFERROR(INDEX(Precios!$B$2:$B$20,MATCH(C21,Precios!$A$2:$A$20,0)),0)),IF(D21="",0,IFERROR(INDEX(Precios!$B$2:$B$20,MATCH(D21,Precios!$A$2:$A$20,0)),0)),IF(E21="",0,IFERROR(INDEX(Precios!$B$2:$B$20,MATCH(E21,Precios!$A$2:$A$20,0)),0)),IF(F21="",0,IFERROR(INDEX(Precios!$B$2:$B$20,MATCH(F21,Precios!$A$2:$A$20,0)),0)))} -> 22000 | H21: =G21*1.5*0.85 -> 28050 | I21: 29k
A22: 21 | B22: Max | C22: Vix | D22: Prime video | G22: {=SUM(IF(B22="",0,IFERROR(INDEX(Precios!$B$2:$B$20,MATCH(B22,Precios!$A$2:$A$20,0)),0)),IF(C22="",0,IFERROR(INDEX(Precios!$B$2:$B$20,MATCH(C22,Precios!$A$2:$A$20,0)),0)),IF(D22="",0,IFERROR(INDEX(Precios!$B$2:$B$20,MATCH(D22,Precios!$A$2:$A$20,0)),0)),IF(E22="",0,IFERROR(INDEX(Precios!$B$2:$B$20,MATCH(E22,Precios!$A$2:$A$20,0)),0)),IF(F22="",0,IFERROR(INDEX(Precios!$B$2:$B$20,MATCH(F22,Precios!$A$2:$A$20,0)),0)))} -> 15000 | H22: =G22*1.5*0.85 -> 19125 | I22: 21k
A23: 22 | B23: Netflix original | C23: Disney premium | D23: Max | E23: Prime video | G23: {=SUM(IF(B23="",0,IFERROR(INDEX(Precios!$B$2:$B$20,MATCH(B23,Precios!$A$2:$A$20,0)),0)),IF(C23="",0,IFERROR(INDEX(Precios!$B$2:$B$20,MATCH(C23,Precios!$A$2:$A$20,0)),0)),IF(D23="",0,IFERROR(INDEX(Precios!$B$2:$B$20,MATCH(D23,Precios!$A$2:$A$20,0)),0)),IF(E23="",0,IFERROR(INDEX(Precios!$B$2:$B$20,MATCH(E23,Precios!$A$2:$A$20,0)),0)),IF(F23="",0,IFERROR(INDEX(Precios!$B$2:$B$20,MATCH(F23,Precios!$A$2:$A$20,0)),0)))} -> 34000 | H23: =G23*1.5*0.85 -> 43350 | I23: 43k
A24: 23 | B24: Netflix original | C24: Disney premium | D24: Max | E24: Vix | G24: {=SUM(IF(B24="",0,IFERROR(INDEX(Precios!$B$2:$B$20,MATCH(B24,Precios!$A$2:$A$20,0)),0)),IF(C24="",0,IFERROR(INDEX(Precios!$B$2:$B$20,MATCH(C24,Precios!$A$2:$A$20,0)),0)),IF(D24="",0,IFERROR(INDEX(Precios!$B$2:$B$20,MATCH(D24,Precios!$A$2:$A$20,0)),0)),IF(E24="",0,IFERROR(INDEX(Precios!$B$2:$B$20,MATCH(E24,Precios!$A$2:$A$20,0)),0)),IF(F24="",0,IFERROR(INDEX(Precios!$B$2:$B$20,MATCH(F24,Precios!$A$2:$A$20,0)),0)))} -> 35000 | H24: =G24*1.5*0.85 -> 44625 | I24: 44k
A25: 24 | B25: Netflix original | C25: Prime video | D25: Max | E25: Paramount | G25: {=SUM(IF(B25="",0,IFERROR(INDEX(Precios!$B$2:$B$20,MATCH(B25,Precios!$A$2:$A$20,0)),0)),IF(C25="",0,IFERROR(INDEX(Precios!$B$2:$B$20,MATCH(C25,Precios!$A$2:$A$20,0)),0)),IF(D25="",0,IFERROR(INDEX(Precios!$B$2:$B$20,MATCH(D25,Precios!$A$2:$A$20,0)),0)),IF(E25="",0,IFERROR(INDEX(Precios!$B$2:$B$20,MATCH(E25,Precios!$A$2:$A$20,0)),0)),IF(F25="",0,IFERROR(INDEX(Precios!$B$2:$B$20,MATCH(F25,Precios!$A$2:$A$20,0)),0)))} -> 32000 | H25: =G25*1.5*0.85 -> 40800 | I25: 42k
A26: 25 | B26: Prime video | C26: Disney premium | D26: Vix | E26: Paramount | G26: {=SUM(IF(B26="",0,IFERROR(INDEX(Precios!$B$2:$B$20,MATCH(B26,Precios!$A$2:$A$20,0)),0)),IF(C26="",0,IFERROR(INDEX(Precios!$B$2:$B$20,MATCH(C26,Precios!$A$2:$A$20,0)),0)),IF(D26="",0,IFERROR(INDEX(Precios!$B$2:$B$20,MATCH(D26,Precios!$A$2:$A$20,0)),0)),IF(E26="",0,IFERROR(INDEX(Precios!$B$2:$B$20,MATCH(E26,Precios!$A$2:$A$20,0)),0)),IF(F26="",0,IFERROR(INDEX(Precios!$B$2:$B$20,MATCH(F26,Precios!$A$2:$A$20,0)),0)))} -> 33000 | H26: =G26*1.5*0.85 -> 42075 | I26: 43k
A27: 26 | B27: Disney premium | C27: Max | D27: Prime video | E27: Crunchyroll | G27: {=SUM(IF(B27="",0,IFERROR(INDEX(Precios!$B$2:$B$20,MATCH(B27,Precios!$A$2:$A$20,0)),0)),IF(C27="",0,IFERROR(INDEX(Precios!$B$2:$B$20,MATCH(C27,Precios!$A$2:$A$20,0)),0)),IF(D27="",0,IFERROR(INDEX(Precios!$B$2:$B$20,MATCH(D27,Precios!$A$2:$A$20,0)),0)),IF(E27="",0,IFERROR(INDEX(Precios!$B$2:$B$20,MATCH(E27,Precios!$A$2:$A$20,0)),0)),IF(F27="",0,IFERROR(INDEX(Precios!$B$2:$B$20,MATCH(F27,Precios!$A$2:$A$20,0)),0)))} -> 25000 | H27: =G27*1.5*0.85 -> 31875 | I27: 35k
A28: 27 | B28: Max | C28: Vix | D28: Prime video | E28: Paramount | G28: {=SUM(IF(B28="",0,IFERROR(INDEX(Precios!$B$2:$B$20,MATCH(B28,Precios!$A$2:$A$20,0)),0)),IF(C28="",0,IFERROR(INDEX(Precios!$B$2:$B$20,MATCH(C28,Precios!$A$2:$A$20,0)),0)),IF(D28="",0,IFERROR(INDEX(Precios!$B$2:$B$20,MATCH(D28,Precios!$A$2:$A$20,0)),0)),IF(E28="",0,IFERROR(INDEX(Precios!$B$2:$B$20,MATCH(E28,Precios!$A$2:$A$20,0)),0)),IF(F28="",0,IFERROR(INDEX(Precios!$B$2:$B$20,MATCH(F28,Precios!$A$2:$A$20,0)),0)))} -> 25000 | H28: =G28*1.5*0.85 -> 31875 | I28: 35k
A29: 28 | B29: Netflix original | C29: Prime video | D29: Paramount | E29: Vix | F29: Max | G29: {=SUM(IF(B29="",0,IFERROR(INDEX(Precios!$B$2:$B$20,MATCH(B29,Precios!$A$2:$A$20,0)),0)),IF(C29="",0,IFERROR(INDEX(Precios!$B$2:$B$20,MATCH(C29,Precios!$A$2:$A$20,0)),0)),IF(D29="",0,IFERROR(INDEX(Precios!$B$2:$B$20,MATCH(D29,Precios!$A$2:$A$20,0)),0)),IF(E29="",0,IFERROR(INDEX(Precios!$B$2:$B$20,MATCH(E29,Precios!$A$2:$A$20,0)),0)),IF(F29="",0,IFERROR(INDEX(Precios!$B$2:$B$20,MATCH(F29,Precios!$A$2:$A$20,0)),0)))} -> 38000 | H29: =G29*1.5*0.85 -> 48450 | I29: 50k
